{
"articles": [
{
"id": "a-0001",
"title": "新船員上艦指南：從「今天」開始對戲",
"excerpt": "不需要讀完全部世界觀也能開始玩。本篇帶你用最短路徑理解：你是誰、你在哪、你今天要做什麼，以及如何在 ARC-方舟的日常任務裡自然開戲。",
"cover": "../assets/img/articles/a-0001-cover.jpg",
"date": "2026-01-01",
"author": "GM 統籌",
"tags": ["新手", "入門", "日常玩法"]
},
{
"id": "a-0002",
"title": "硬科幻 + 超自然：相位海與回聲層的六條約束",
"excerpt": "為什麼這裡允許超自然，但不會變成隨口開掛？用六條約束把『回聲現象』牢牢鎖在資訊與機率範圍內，讓每次靈異都能被劇情化、可管理、可追查。",
"cover": "../assets/img/articles/a-0002-cover.jpg",
"date": "2026-01-01",
"author": "GM 統籌",
"tags": ["世界觀", "硬科幻", "超自然規則"]
},
{
"id": "a-0003",
"title": "對戲寫作速成：三段式回應與接戲禮儀",
"excerpt": "如何做到『不尷尬、不搶戲、不斷戲』？用三段式（觀察→動作→留鉤）快速提升互動質量，並附上常見踩雷與修正範例。",
"cover": "../assets/img/articles/a-0003-cover.jpg",
"date": "2026-01-01",
"author": "航道館員",
"tags": ["對戲技巧", "寫作", "禮儀"]
},
{
"id": "a-0004",
"title": "行星副本怎麼跑：組隊、目標、結算與回到艦內",
"excerpt": "副本不是一次性活動。本篇解釋：副本的隊伍組成、任務目標、危險等級、結算方式，以及副本結束後如何透過『中斷之門』延續探索。",
"cover": "../assets/img/articles/a-0004-cover.jpg",
"date": "2026-01-01",
"author": "副本調度員",
"tags": ["副本", "組隊", "玩法"]
},
{
"id": "a-0005",
"title": "角色自由度：自創星球文明、亞人/史萊姆人設的收錄規範",
"excerpt": "我們鼓勵玩家自創文明與人設。這篇整理：寫人設時需要交代的最小要素、過審後如何進入世界觀、以及如何避免設定互斥或壓戲。",
"cover": "../assets/img/articles/a-0005-cover.jpg",
"date": "2026-01-01",
"author": "航道館員",
"tags": ["人設", "世界觀", "自創文明"]
},
{
"id": "a-0006",
"title": "艦內經濟與商店：SS（艦內流通券）怎麼花才有戲",
"excerpt": "SS 不是生活費，而是劇情驅動資源。本篇說明：商店商品的玩法定位、什麼叫『用文字也能有樂趣』、以及如何把交易寫成可接續的戲。",
"cover": "../assets/img/articles/a-0006-cover.jpg",
"date": "2026-01-01",
"author": "艦載系統員",
"tags": ["經濟系統", "商店", "SS"]
}
]
}
