{
"id": "a-0002",
"title": "硬科幻 + 超自然：相位海與回聲層的六條約束",
"excerpt": "為什麼這裡允許超自然，但不會變成隨口開掛？用六條約束把『回聲現象』牢牢鎖在資訊與機率範圍內，讓每次靈異都能被劇情化、可管理、可追查。",
"cover": "../assets/img/articles/a-0002-cover.jpg",
"date": "2026-01-01",
"author": "GM 統籌",
"tags": ["世界觀", "硬科幻", "超自然規則"],
"content": [
{
"type": "p",
"text": "ARC-方舟的超自然不是『魔法』，而是相位海對資訊結構敏感所導致的工程副作用。它看起來像靈異，但仍必須遵守硬科幻的底層：因果、代價、限制。這篇文章的目的，是給 GM 與玩家一套共同語言，讓超自然既能很酷，又不會崩壞。"
},
{
"type": "h3",
"text": "六條約束（寫在公告就能防崩）"
},
{
"type": "ul",
"items": [
"約束 1：超自然只能動「資訊」或「機率」，不能憑空創造能量/物質。",
"約束 2：需要「環境條件」才高發（星門、折躍作業、黑潮帶、資料中心、AI 核心等）。",
"約束 3：可測量，但不可完全解釋（用 Φ 值、E 密度、Δτ 噪聲作為敘事指標）。",
"約束 4：觀測會改變結果（越追真相，現象越轉移或變形）。",
"約束 5：必有代價（生理/心理/設備/政治至少一種）。",
"約束 6：永遠允許多重解讀（工程派/宗教派/政治派同時成立）。"
]
},
{
"type": "h3",
"text": "約束 1｜只能動資訊/機率：你可以『改記錄』，但不能『變出火球』"
},
{
"type": "p",
"text": "回聲現象最常見的表現，不是爆炸式的超能力，而是記錄異常與巧合偏置：監控多出片段、通訊出現已死者聲音、日誌缺頁、集體夢境同步。這些都強烈、詭異、可推理，但不會打破能量守恆。"
},
{
"type": "blockquote",
"text": "可用：你『剛好』在廢料堆找到關鍵零件。不可用：你『憑空』生出一整套反應爐核心。"
},
{
"type": "h3",
"text": "約束 2｜需要環境條件：超自然不是隨時隨地都能觸發"
},
{
"type": "p",
"text": "把超自然綁在『工程條件』上，故事就會合理：星門附近、折躍期間、黑潮帶、量子通訊陣列、AI 核心、隔離艙、樣本庫等。這也讓 GM 能控頻率——想升溫就提高 Φ 值，想降溫就回到低擾動艙段。"
},
{
"type": "h3",
"text": "約束 3｜可測量但不可完全解釋：用三個指標代替公式"
},
{
"type": "p",
"text": "你不需要寫出物理公式，只要全員接受三個指標作為共同語言：Φ 值（相位擾動）、E 密度（回聲密度）、Δτ 噪聲（時間噪聲）。公告一句『本週 Φ 值上升』就能合理提高事件異常率。"
},
{
"type": "h3",
"text": "約束 4｜觀測會改變結果：越查監控，監控越不可靠"
},
{
"type": "p",
"text": "回聲層像一個對觀測敏感的系統：你做測試、公開討論、反覆回放，現象可能轉移、消退或變形。這對懸疑很重要——避免『答案揭曉就完結』，讓真相永遠保持流動。"
},
{
"type": "h3",
"text": "約束 5｜必有代價：酷的東西要付錢（用資源或精神）"
},
{
"type": "p",
"text": "任何回聲接觸都必須帶來至少一種代價：腦霧、失眠、情緒波動、記憶洩漏；設備壽命下降、艦況惡化；法務封存、稽核升級、輿情爆炸。代價不是懲罰，而是讓戲有重量。"
},
{
"type": "h3",
"text": "約束 6｜多重解讀：同一事件可以同時是工程事故、神諭、與政治操控"
},
{
"type": "p",
"text": "硬科幻與超自然要共存，關鍵是『不要只允許一個答案』。當工程派說是相位干涉、宗教派說是靈魂警告、政治派說是情報戰，三種解讀互相牽制，能把百人群像長期拉住。"
},
{
"type": "h3",
"text": "E0–E4 分級（主持人好管理）"
},
{
"type": "ul",
"items": [
"E0：日常噪聲（既視感、雪花、睡眠同步）—鋪氣氛，不改變大局。",
"E1：回放與殘影（不存在的人聲、走廊錯位、日誌多一頁）—提供線索。",
"E2：互動回聲（可對話、可交換條件、會引導座標）—像 NPC，可合作/可欺騙。",
"E3：機率剪切（連鎖巧合改變任務結果）—拉升張力但仍保留可疑性。",
"E4：自洽回聲體突破（長期寄生、封鎖隔離、政治清算）—年度主線高潮，慎用。"
]
},
{
"type": "p",
"text": "總結：你想要『詭』，就用回聲現象；你想要『硬』，就永遠把它綁在資訊、機率、環境條件與代價上。只要這六條約束在，ARC-方舟的超自然就會一直好玩、可控、且可持續一年以上。"
}
]
}
