{
"id": "a-0001",
"title": "新船員上艦指南：從「今天」開始對戲",
"excerpt": "不需要讀完全部世界觀也能開始玩。本篇帶你用最短路徑理解：你是誰、你在哪、你今天要做什麼，以及如何在 ARC-方舟的日常任務裡自然開戲。",
"cover": "../assets/img/articles/a-0001-cover.jpg",
"date": "2026-01-01",
"author": "GM 統籌",
"tags": ["新手", "入門", "日常玩法"],
"content": [
{
"type": "p",
"text": "你現在在 ARC-01——一艘沿著星環航道移動的方舟星艦。你不必先把所有世界觀背熟；在這裡，最好的入門方式是：先用一個普通船員的視角，從「今天」開始行動。"
},
{
"type": "h3",
"text": "01｜你是誰：先用「能動」的人設，不用完美"
},
{
"type": "p",
"text": "新船員的人設只需要回答三件事：你從哪裡來（星球/文明可簡述）、你在船上做什麼（職務/技能）、你最怕什麼（壓力點）。這三件事會自然產生劇情鉤子。"
},
{
"type": "ul",
"items": [
"來源：一句話足夠（例：來自邊境礦帶的維修學徒）",
"職務：先選你想寫得動的（例：艦內工程、艙段巡檢、貨運調度）",
"壓力點：給自己一個弱點（例：怕密閉、怕被稽核、怕回聲現象）"
]
},
{
"type": "h3",
"text": "02｜你在哪：找一個「會遇到人」的場景當出生點"
},
{
"type": "p",
"text": "如果你不知道從哪裡開戲，先把角色放在『會自然遇到其他人』的地方：食堂門口、值班走廊、醫療站候診、交換所公告板、或任務簡報區。你的第一句不需要宏大，只要可互動。"
},
{
"type": "blockquote",
"text": "範例開場：你揉著眼睛從床鋪爬起來，腕端終端彈出今天的艦務提示——『艙段 C-7 壓力波動，請就近船員協助檢查。』你把衣領折痕壓平，出門時撞見隔壁艙友正扣著手套。"
},
{
"type": "h3",
"text": "03｜你今天做什麼：用「微任務」啟動互動"
},
{
"type": "p",
"text": "ARC-方舟的日常玩法核心是微任務：短、清楚、能讓多人自然加入。微任務不一定成功；失敗也能成戲（受傷、延誤、被稽核、遇到回聲噪聲）。"
},
{
"type": "ul",
"items": [
"維修/巡檢：設備異常、艙門卡死、通風噪音",
"運輸/調度：物資錯投、貨櫃破損、簽收爭議",
"醫療/後勤：輕傷處置、疲勞評估、睡眠同步",
"情報/稽核：日誌缺頁、監控雪花、權限錯誤"
]
},
{
"type": "h3",
"text": "04｜怎麼寫才容易接：三段式（觀察→動作→留鉤）"
},
{
"type": "p",
"text": "對戲最怕『你寫完就封死』。建議每段回應都保留可接點：先描述你看到什麼，再做一個動作，最後留一個問題/空隙給對方。"
},
{
"type": "ul",
"items": [
"觀察：你看見什麼異常/誰出現了",
"動作：你做了什麼（但不要替別人做決定）",
"留鉤：一句疑問/一句邀請/一個未完成動作"
]
},
{
"type": "blockquote",
"text": "範例回覆：你聽見艙壁裡傳來不該存在的敲擊聲，像有人在裡面回敲你的節奏。你把終端貼上去，試著記錄頻譜，卻發現時間戳在倒著走。你抬頭看向同伴：『你也看到了嗎？還是只有我……？』"
},
{
"type": "h3",
"text": "05｜如果你想要超能力：選「自洽回聲體」最快"
},
{
"type": "p",
"text": "如果你想要超自然能力但不想自創完整文明，可以選擇『自洽回聲體』：它是相位海中自我維持的資訊結構，能長期存在，也可能接觸實物。它帶來能力，也帶來代價與稽核風險。"
},
{
"type": "h3",
"text": "06｜你的第一週目標：不要追完美，追『可持續出現』"
},
{
"type": "p",
"text": "第一週不需要拯救宇宙。你的目標是：固定在一個艙段、一個班表、一群人身邊，讓別人知道你『常在』，故事就會自己長出來。"
}
]
}
